"receipt_no","sale_time"
"#89320-929","11:00"
"#43950-648","11:46"
"#14594-419","12:01"
"#02065-213","13:00"
"#36974-678","15:00"
"#19265-052","15:00"
"#63141-712","15:20"
"#36993-972","15:10"
"#37688-596","16:20"
"#89444-092","17:55"
"#59748-260","18:00"
"#12167-120","18:04"
"#47852-553","18:57"
"#73283-340","19:25"
"#99253-430","11:05"
"#78280-438","11:27"
"#99157-479","13:33"
"#84292-298","13:49"
"#24264-386","16:35"
"#16744-983","15:12"
"#10367-815","15:12"
"#66780-237","16:18"
"#13975-407","16:36"
"#37978-409","17:33"
"#11508-599","19:03"
"#69759-556","19:40"
"#73871-986","20:01"
"#66692-027","20:21"
"#35135-207","10:15"
"#07335-736","10:19"
"#68556-526","13:15"
"#11216-738","13:18"
"#78328-324","13:40"
"#90018-993","14:45"
"#90018-993-2","14:45"
"#81540-008","15:10"
"#80706-645","15:41"
"#83463-287","15:50"
"#38442-364","17:15"
"#30835-775","18:22"
"#47492-646","19:10"
"#43719-175","19:25"
"#23771-844","14:10"
"#36759-212","14:35"
"#01200-382","16:41"
"#73829-270","17:00"
"#04619-483","17:05"
"#48482-254","17:17"
"#52041-710","20:00"
"#64120-992","20:19"
"#43783-533","21:00"
"#05418-380","21:05"
"#94253-638","11:10"
"#17726-494","12:19"
"#59437-144","14:13"
"#40504-132","14:35"
"#35264-346","18:22"
"#33593-089","19:20"
"#54558-649","21:00"
"#02543-363","10:09"
"#02629-706","11:04"
"#71508-885","11:46"
"#21282-131","13:18"
"#53927-294","13:30"
"#89507-187","13:30"
"#51571-642","14:25"
"#50315-483","15:05"
"#82016-408","15:55"
"#39321-967","16:35"
"#48013-123","16:29"
"#89876-435","19:25"
"#81229-928","19:50"
"#19209-416","20:36"
"#07299-339","10:30"
"#68525-712","10:05"
"#84683-158","10:45"
"#94127-249","11:16"
"#99147-641","12:30"
"#02227-298","14:00"
"#23502-047","14:00"
"#17344-398","14:30"
"#26385-954","14:41"
"#92692-658","16:00"
"#54138-341","16:30"
"#71153-169","18:00"
"#20281-509","18:00"
"#64233-775","20:18"
"#88812-520","20:30"
"#09920-166","10:05"
"#75812-548","10:05"
"#51673-570","10:30"
"#32235-387","12:30"
"#47204-969","12:10"
"#06907-947","12:30"
"#93990-853","13:00"
"#33659-983","14:00"
"#19072-300","13:42"
"#91289-385","14:20"
"#26200-341","16:05"
"#23376-124","16:55"
"#33216-712","17:10"
"#99761-537","18:16"
"#35965-384","18:59"
"#19631-226","19:30"
"#19631-226-2","19:30"
"#50815-604","20:00"
"#76547-225","20:32"
"#63076-366","21:00"
"#30284-416","12:05"
"#24884-444","13:20"
"#26460-609","14:56"
"#96355-638","15:30"
"#40598-078","16:10"
"#19097-444","16:24"
"#25634-071","18:44"
"#39228-193","20:05"
"#31449-007","20:44"
"#43163-212","10:06"
"#04299-101","10:09"
"#80951-040","11:00"
"#89551-836","13:30"
"#44736-476","13:30"
"#61269-104","14:00"
"#78625-531","16:00"
"#63203-995","16:00"
"#19009-063","16:15"
"#96625-372","16:31"
"#24370-080","18:00"
"#21431-504","18:30"
"#49496-709","19:15"
"#37747-404","10:55"
"#41242-567","11:43"
"#41398-720","15:57"
"#80414-199","17:00"
"#58816-028","17:00"
"#34440-508","19:30"
"#36788-801","20:10"
"#63854-408","21:00"
"#98390-469","21:10"
"#21182-987","12:30"
"#35490-100","13:00"
"#01748-687","15:00"
"#31196-464","15:25"
"#34108-597","15:46"
"#93511-723","11:00"
"#88290-001","12:00"
"#76389-115","14:10"
"#11636-529","18:15"
"#70126-416","18:25"
"#52720-333","18:30"
"#60467-632","19:40"
"#04785-475","10:50"
"#04785-475-2","11:00"
"#91862-901","11:46"
"#77500-340","13:00"
"#27589-757","13:01"
"#32935-928","13:15"
"#14136-653","14:00"
"#66365-557","15:00"
"#87010-799","15:20"
"#95452-710","16:30"
"#40138-662","19:22"
"#15940-989","20:00"
"#43187-319","10:26"
"#90406-204","10:30"
"#84785-860","11:00"
"#68626-441","11:30"
"#62527-122","14:40"
"#19557-065","14:58"
"33981-056","16:13"
"#91059-572","20:00"
"#02257-621","20:00"
"#84721-894","20:36"
"#55557-185","11:42"
"#34139-949","12:30"
"#28483-956","12:38"
"#48001-400","15:56"
"#67189-973","16:20"
"#67958-136","18:25"
"#82126-874","18:40"
"#29496-329","19:30"
"#29692-367","20:30"
"#58157-930","21:00"
"#83799-811","21:12"
"#81910-356","10:09"
"#32489-545","13:00"
"#40330-331","13:30"
"#65779-476","15:08"
"#09628-861","17:11"
"#54881-732","17:30"
"#20510-136","20:00"
"#26530-767","19:53"
"#51586-457","12:05"
"#30078-882","15:32"
"#58239-166","18:32"
"#21117-916","18:38"
"#58532-965","19:57"
"#87244-606","21:00"
"#16188-227","10:15"
"#10112-177","12:00"
"#77911-650","12:10"
"#97958-205","13:16"
"#54756-865","14:19"
"#61900-144","15:20"
"#01587-768","15:02"
"#58698-262","16:11"
"#87552-662","17:35"
"#11853-380","20:40"
"#43744-852","20:50"
"#25571-501","12:24"
"#15561-132","12:23"
"#24822-267","13:25"
"#37241-233","14:30"
"#38979-288","15:55"
"#41432-982","16:14"
"#56848-148","17:00"
"#53898-675","17:00"
"#88795-505","18:22"
"#14121-986","18:50"
"#62933-764","19:05"
"#56343-742","19:18"
"#91565-526","18:46"
"#59317-294","20:15"
"#34438-697","20:30"
"#87317-227","20:38"
"#53907-565","13:05"
"#37107-691","13:10"
"#32473-637","13:30"
"#01306-239","14:12"
"#03548-348","14:35"
"#59039-896","14:40"
"#55231-763","15:30"
"#24907-166","16:30"
"#48663-557","17:30"
"#34778-305","19:30"
"#26530-417","20:00"
"#41732-193","20:00"
"#26614-701","11:21"
"#09041-946","11:40"
"#56003-509","11:45"
"#45544-212","12:56"
"#87897-608","13:49"
"#30949-568","15:00"
"#30853-458","16:10"
"#62381-853","15:53"
"#54612-217","16:30"
"#21426-793","17:00"
"#73718-476","18:00"
"#73637-495","19:00"
"#13589-831","19:30"
"#80198-499","20:00"
"#22525-165","19:13"
"#55114-114","20:55"
"#80551-535","10:10"
"#66869-484","12:15"
"#83871-461","13:31"
"#15732-422","14:18"
"#40068-281","15:21"
"#87319-815","15:59"
"#02347-533","16:42"
"#81349-257","17:00"
"#55439-715","18:00"
"#05243-664","18:10"
"#37428-177","19:22"
"#26780-380","19:59"
"#07122-050","10:45"
"#58246-591","10:45"
"#43154-369","11:38"
"#28466-403","14:30"
"#65358-539","15:00"
"#53112-843","15:32"
"#59085-934","16:10"
"#08419-950","20:35"
"#47078-381","20:33"
"#30537-598","10:00"
"#65376-903","15:50"
"#13713-661","16:58"
"#36555-200","18:58"
"#51608-463","19:15"
"#59132-219","20:15"
"#53079-947","14:35"
"#76796-764","14:40"
"#52463-998","15:30"
"#71740-624","16:36"
"#78521-021","17:25"
"#41891-621","17:50"
"#27706-621","19:30"
"#94317-094","19:35"
"#63417-730","20:50"
"#85219-195","10:40"
"#61582-874","11:20"
"#80002-836","16:05"
"#71816-971","16:35"
"#27042-907","17:30"
"#88503-365","19:45"
"#57725-554","20:17"
"#05720-725","11:10"
"#90919-659","11:50"
"#40499-861","12:11"
"#66336-129","12:45"
"#75101-335","13:15"
"#19443-574","14:30"
"#02316-173","15:25"
"#63783-475","16:25"
"#10466-403","16:45"
"#64666-325","16:54"
"#47156-518","19:10"
"#36682-063","19:50"
"#13358-252","20:00"
"#33711-976","11:10"
"#23342-805","12:15"
"#23299-605","13:00"
"#17307-449","13:05"
"#75766-727","13:35"
"#74158-007","13:55"
"#82756-004","15:30"
"#06561-454","16:55"
"#05281-472","18:18"
"#02955-457","18:45"
"#77538-843","19:35"
"#56393-525","19:36"
"#16507-978","20:00"
"#67637-679","20:30"
"#96557-494","11:50"
"#92449-330","11:55"
"#50939-182","12:05"
"#92049-463","12:25"
"#95639-283","13:15"
"#02905-928","13:45"
"#02477-631","14:30"
"#44777-863","15:20"
"#78181-813","17:55"
"#67428-070","18:10"
"#83198-366","19:20"
"#05831-024","20:00"
"#66081-645","20:30"
"#74309-463","20:56"
"#36646-707","12:17"
"#59132-427","15:00"
"#74641-908","15:45"
"#95883-221","16:14"
"#26787-724","16:35"
"#07428-771","18:30"
"#31332-138","20:10"
"#56182-943","20:30"
"#54993-630","13:30"
"#58343-644","13:55"
"#15104-129","14:15"
"#83563-224","17:00"
"#89246-397","17:45"
"#42922-300","17:50"
"#53665-458","18:10"
"#88836-834","19:06"
"#73744-610","19:06"
"#33522-790","19:20"
"#88517-793","20:45"
"#36594-249","12:05"
"#94004-649","13:15"
"#98473-609","14:36"
"#12335-796","15:15"
"#12126-461","16:05"
"#74786-354","16:06"
"#26317-131","16:10"
"#27045-247","16:48"
"#23026-924","18:10"
"#22500-705","18:50"
"#33724-450","19:25"
"#06028-922","20:00"
"#68386-058","10:21"
"#01781-316","11:37"
"#69582-426","14:00"
"#08473-871","16:01"
"#18904-948","19:42"
"#43027-054","20:00"
"#26285-140","10:15"
"#62982-030","12:40"
"#44247-782","14:35"
"#71053-145","14:53"
"#99344-308","14:58"
"#57520-020","15:01"
"#65266-183","16:08"
"#95436-820","16:35"
"#13672-731","17:20"
"#29597-848","17:50"
"#53469-041","17:55"
"#47302-472","18:42"
"#76607-346","17:55"
"#21242-539","20:10"
"#93735-744","21:15"
"#33041-918","12:10"
"#88012-305","12:40"
"#56072-928","12:55"
"#82570-320","15:25"
"#88669-270","15:35"
"#04534-033","15:40"
"#88669-270-2","15:50"
"#97295-052","16:00"
"#16072-513","17:30"
"#37662-409","17:45"
"#35918-659","17:55"
"#11098-374","20:00"
"#49282-358","10:55"
"#66147-809","12:48"
"#33306-198","13:36"
"#79239-200","13:43"
"#41687-144","14:30"
"#88044-577","15:05"
"#87197-054","15:09"
"#79567-865","16:48"
"#08227-030","20:24"
"#79965-693","10:10"
"#09813-851","10:35"
"#48402-898","12:14"
"#44476-314","12:55"
"#01298-210","15:05"
"#05619-147","14:20"
"#80895-106","14:27"
"38892-133","14:58"
"#31699-084","14:58"
"#09560-186","16:27"
"#78496-514","19:42"
"#47449-085","18:10"
"#38521-643","17:00"
"#09570-673","17:30"
"#65088-201","17:33"
"#25733-736","10:05"
"#87612-475","10:55"
"#19565-903","11:48"
"#10725-995","13:40"
"#16785-481","14:00"
"#88508-288","15:42"
"#28790-288","15:45"
"#36100-510","15:40"
"#40054-402","17:45"
"#10609-177","17:35"
"#10654-962","18:00"
"#13247-534","18:20"
"#81495-462","18:45"
"#85757-314","18:52"
"#87252-948","19:25"
"#65514-334","20:50"
"#12740-880","11:35"
"#04611-238","11:53"
"#76109-310","14:16"
"#66637-281","15:05"
"#08441-581","16:29"
"#21945-093","16:40"
"#82453-796","18:05"
"#49365-605","19:12"
"#21177-610","19:42"
"#87797-965","20:10"
"#03164-248","11:50"
"#52282-359","12:50"
"#96276-107","14:00"
"#91516-103","15:00"
"#76359-954","16:27"
"#67789-391","16:28"
"#36602-647","17:16"
"#01756-780","17:54"
"#20900-679","18:35"
"#41667-627","18:40"
"#04784-916","18:40"
"#94441-581","13:08"
"#82952-739","14:10"
"#09909-084","14:25"
"#48703-518","15:15"
"#83579-276","16:10"
"#81572-207","17:07"
"#93548-276","17:00"
"#55196-258","17:43"
"#12395-576","19:27"
"#39853-951","20:09"
"#22695-298","20:10"
"#28886-635","20:20"
"#52537-277","11:03"
"#63254-636","11:30"
"#07999-192","13:00"
"#79759-686","13:19"
"#73561-542","13:25"
"#12650-609","13:30"
"#95631-620","13:33"
"#65958-555","14:05"
"#56118-575","14:25"
"#71995-037","15:00"
"#29773-067","16:05"
"#53819-765","16:00"
"#76135-634","16:17"
"#17790-673","17:07"
"#60667-386","17:00"
"#14352-767","17:05"
"#61503-475","17:30"
"#76198-688","18:09"
"#31712-801","18:28"
"#06439-770","18:35"
"63576-842","19:13"
"#89202-840","20:40"
"#01496-513","11:15"
"#94511-439","11:40"
"#87287-863","13:50"
"#46548-409","13:40"
"#43130-095","15:08"
"#49127-662","18:10"
"#29650-835","18:30"
"#82477-728","18:55"
"#41800-400","19:20"
"#76739-154","20:15"
"#03432-325","20:05"
"#29092-068","10:25"
"#91666-290","10:40"
"#20226-682","12:05"
"#69837-113","13:15"
"#61895-938","15:00"
"#52203-622","15:05"
"#35257-826","15:55"
"#78316-989","16:39"
"#99833-211","16:40"
"#44383-908","18:20"
"#00930-630","20:30"
"#79253-192","21:10"
"#91092-300","14:38"
"#24899-518","16:37"
"#45649-432","17:00"
"#23607-649","18:05"
"#54352-727","19:40"
"#69838-316","20:00"
"#76553-810","13:25"
"#16929-454","14:20"
"#28086-301","15:30"
"#19719-377","15:35"
"#30260-684","15:35"
"#92473-273","16:05"
"#94950-781","18:45"
"#99259-560","19:00"
"#32275-276","19:35"
"#91018-610","20:00"
"#74071-416","12:08"
"#94641-506","13:00"
"#30065-400","13:30"
"#23263-548","15:34"
"#23668-079","15:38"
"#41537-897","15:48"
"#08147-673","17:00"
"#89215-279","17:00"
"#34441-589","21:10"
"#75619-520","13:31"
"#22176-010","14:00"
"#04361-909","14:07"
"#78281-528","15:00"
"#38895-957","15:40"
"#32597-786","16:10"
"#06994-743","16:12"
"#87512-476","17:05"
"#90151-038","17:20"
"#78732-398","18:49"
"#70257-909","19:39"
"#12728-844","19:30"
"#50332-597","20:30"
"#57637-186","20:38"
"#69635-539","10:40"
"#36467-801","11:13"
"#11676-440","11:35"
"#38382-720","14:08"
"#12003-504","14:55"
"#45861-154","15:20"
"#83300-274","17:35"
"#72132-032","18:05"
"#61412-627","19:05"
"#06682-886","19:50"
"#99982-943","13:17"
"#50818-004","13:58"
"#21097-918","15:45"
"#89857-022","19:45"
"#36440-628","20:30"
"#90229-815","21:03"
"#19605-085","10:15"
"#44574-127","10:21"
"#78706-111","10:30"
"#33869-848","12:12"
"#94758-330","13:46"
"#39265-799","14:10"
"#05847-386","15:04"
"#83551-348","15:30"
"#28354-193","15:55"
"#86502-603","16:39"
"#79519-783","17:17"
"#40676-202","19:10"
"#26647-974","10:30"
"#40816-940","11:20"
"#29153-974","11:30"
"#46304-581","15:20"
"#14283-700","15:50"
"#27354-598","16:40"
"#02992-657","17:24"
"#01179-260","17:57"
"#40222-264","19:00"
"#38666-322","10:22"
"#52796-477","14:25"
"#49947-259","14:45"
"#11968-238","14:58"
"#22300-893","15:30"
"#01935-581","17:00"
"#00789-168","17:05"
"#83774-754","17:11"
"#47541-196","19:00"
"#64188-632","19:08"
"#41506-135","19:37"
"#40564-936","19:57"
"#61953-953","20:40"
"#68991-310","10:10"
"#61953-909","10:10"
"#67962-316","11:50"
"#00716-015","12:55"
"#73804-488","13:10"
"#86559-019","14:05"
"#41546-260","15:24"
"#80406-166","16:40"
"#42915-174","16:55"
"#41353-641","18:25"
"#40651-123","19:13"
"#50175-908","19:15"
"#78477-100","10:15"
"#57091-643","11:00"
"#81997-488","13:08"
"#66718-589","13:50"
"#75969-240","14:20"
"#13699-236","15:15"
"#16330-640","15:40"
"#24592-117","15:55"
"#44129-523","16:55"
"#22081-434","17:30"
"#95504-214","18:30"
"#00791-914","20:00"
"#53179-498","20:05"
"#41776-967","11:30"
"#32290-093","13:44"
"#98897-730","14:49"
"#21207-217","15:03"
"#72481-392","17:00"
"#10570-479","17:15"
"#93313-808","18:07"
"#29527-271","18:35"
"#52025-203","19:55"
"#38600-716","20:15"
"#43727-495","21:05"
"#98343-253","10:25"
"#01912-176","11:10"
"#72866-100","12:25"
"#53589-012","13:00"
"#99986-021","13:05"
"#04716-429","14:05"
"#89337-908","14:10"
"#38678-119","15:00"
"#22008-526","15:50"
"#56676-502","17:28"
"#70306-972","18:42"
"#63952-807","20:40"
"#03473-432","10:40"
"#20373-822","10:53"
"#99568-359","13:20"
"#26901-049","15:30"
"#70658-877","15:30"
"#37695-284","15:40"
"#56687-933","15:55"
"#30642-965","16:05"
"#04250-674","19:30"
"#29294-380","19:50"
"#86384-681","20:00"
"#43698-924","10:30"
"#68834-184","10:30"
"#43368-095","10:30"
"#82438-776","11:40"
"#35727-126","11:40"
"#81853-045","12:00"
"#76270-153","13:00"
"#15413-104","15:15"
"#64272-825","15:16"
"#93934-145","15:45"
"#69871-284","16:05"
"#24029-170","17:10"
"#63926-324","17:45"
"#15257-286","18:00"
"#01947-801","19:10"
"#78992-785","10:40"
"#85899-025","13:35"
"#94275-498","14:15"
"#07094-002","14:34"
"#09276-317","15:40"
"#63616-881","15:54"
"#21032-694","16:30"
"#28602-737","18:35"
"#80014-814","19:18"
"#32851-237","20:30"
"#50236-392","10:00"
"#79862-104","10:56"
"#08174-011","12:40"
"#40544-382","12:58"
"#50324-217","14:20"
"#93910-334","14:25"
"#50125-196","14:44"
"#22556-584","14:54"
"#85105-072","15:05"
"#69264-160","15:40"
"#64828-041","16:12"
"#20688-116","16:18"
"#14937-763","19:00"
"#72844-827","20:50"
"#21101-515","13:50"
"#27027-789","13:55"
"#41136-280","14:10"
"#10054-901","14:15"
"#49723-429","15:20"
"#38827-686","18:10"
"#42747-786","18:15"
"#94739-176","18:25"
"#12586-869","18:30"
"#84712-210","12:50"
"#01740-071","14:20"
"#17785-786","15:25"
"#85908-745","15:25"
"#69693-640","15:35"
"#55920-923","16:12"
"#80792-112","17:55"
"#95559-826","18:05"
"#76706-206","18:08"
"#66086-178","10:35"
"#04781-427","11:23"
"#51360-055","11:30"
"#10537-432","14:07"
"#46731-415","14:08"
"#42123-023","14:46"
"#25984-334","15:15"
"#03382-300","16:30"
"#76768-947","18:26"
"#61183-783","18:40"
"#60067-467","19:16"
"#44094-784","17:14"
"#13328-467","17:28"
"#86686-632","18:20"
"#44970-960","19:30"
"#13125-021","20:43"
"#10332-303","13:30"
"#16148-007","14:24"
"#22707-769","16:20"
"#58110-350","16:28"
"#20399-172","17:15"
"#85358-966","18:08"
"#51249-544","18:50"
"#41134-822","19:15"
"#86711-511","20:05"
"#89138-989","20:10"
"#78536-653","10:20"
"#86688-153","11:40"
"#04845-382","13:29"
"#20671-481","15:31"
"#23621-298","16:20"
"#30154-475","17:55"
"#47098-696","18:45"
"#84384-708","19:13"
"#04567-637","19:38"
"#25635-247","20:18"
"#15257-654","10:30"
"#23140-578","11:38"
"#36255-660","13:40"
"#87353-967","14:35"
"#91448-754","14:50"
"#38235-908","15:00"
"#07391-772","16:14"
"#60324-054","17:53"
"#47091-524","18:53"
"#94059-991","18:55"
"#27113-171","19:05"
"#57409-822","19:40"
"#21365-298","19:40"
"#25024-787","20:13"
"#57716-963","10:55"
"#53206-996","13:00"
"#44802-566","13:40"
"#07910-961","14:45"
"#27995-161","15:05"
"#38314-979","15:56"
"#99568-423","19:35"
"#30463-328","20:43"
"#75918-402","12:00"
"#52576-432","12:58"
"#33000-276","13:30"
"#39495-046","14:00"
"#12865-273","14:30"
"#86029-218","15:15"
"#71206-311","15:40"
"#44271-912","16:12"
"#44474-375","16:55"
"#24044-327","17:13"
"#16282-617","17:20"
"#49459-946","18:22"
"#03616-589","18:52"
"#07130-706","18:55"
"#08043-285","19:05"
"#32290-679","20:20"
"#16799-824","20:54"
"#67510-042","20:54"
"#29579-245","10:20"
"#42166-698","11:05"
"#65174-938","12:55"
"#32838-585","15:12"
"#39345-451","15:55"
"#69565-746","16:00"
"#16115-213","18:27"
"#18395-119","10:10"
"#97717-019","10:30"
"#80977-268","12:25"
"#60994-519","16:35"
"#59870-922","16:45"
"#89160-479","17:02"
"#02389-236","19:40"
"#65146-755","14:28"
"#98974-717","14:55"
"#86521-057","16:40"
"#27077-139","20:10"
"#94651-050","20:50"
"#56537-640","20:53"
"#75284-201","13:45"
"#52938-748","14:00"
"#19232-773","14:28"
"#85190-077","14:35"
"#02762-401","14:36"
"#74076-873","17:20"
"#55947-334","17:20"
"#36212-792","20:05"
"#00087-993","11:30"
"#88732-687","13:25"
"#37301-119","14:00"
"#67503-173","15:00"
"#57772-615","16:30"
"#83996-173","16:36"
"#19163-343","17:10"
"#03566-673","17:58"
"#20307-297","17:58"
"#37536-673","18:38"
"#28903-539","19:30"
"#16699-611","20:23"
"#02588-100","10:45"
"#64113-814","13:28"
"#55893-370","14:42"
"#87507-501","14:25"
"#28484-168","15:40"
"#80595-927","17:58"
"#85688-831","20:23"
"#92501-299","16:30"
"#30240-430","12:38"
"#78345-887","13:18"
"#96672-497","13:20"
"#17343-289","13:24"
"#45663-218","14:48"
"#47068-491","15:00"
"#51852-309","15:25"
"#54477-475","17:13"
"#13589-963","17:15"
"#13451-800","17:40"
"#69078-974","18:00"
"#90001-545","18:00"
"#24330-521","19:00"
"#26783-813","19:00"
"#16736-816","19:33"
"#94828-058","19:33"
"#10106-514","19:42"
"#30396-660","20:25"
"#73829-373","21:00"
"#67541-083","10:30"
"#87977-940","11:41"
"#20111-630","11:18"
"#11987-001","12:12"
"#80403-297","13:55"
"#13521-231","14:00"
"#92560-879","15:05"
"#15238-661","15:35"
"#01822-588","16:10"
"#59281-781","15:40"
"#07308-753","18:00"
"#43032-130","18:30"
"#43032-130-2","20:20"
"#65149-890","10:17"
"#05357-731","11:58"
"#46798-180","14:39"
"#19319-797","14:39"
"#57504-822","15:24"
"#17802-382","18:20"
"#87800-483","19:25"
"#07161-968","19:30"
"#37583-603","19:35"
"#65320-523","20:40"
"#32273-340","13:00"
"#33587-517","14:01"
"#67075-510","14:15"
"#26644-927","15:17"
"#55615-254","15:30"
"#10286-240","17:00"
"#74630-579","18:05"
"#22503-915","19:05"
"#01470-245","19:24"
"#64314-920","20:47"
"#53481-912","10:00"
"#84141-690","12:17"
"#76329-684","12:00"
"#04310-599","12:20"
"#57505-416","15:27"
"#35715-492","16:26"
"#23821-557","16:43"
"#03332-075","19:00"
"#87591-071","19:23"
"#28607-354","11:05"
"#34964-390","13:10"
"#10760-627","16:04"
"#99943-667","16:40"
"#33861-302","17:55"
"#37738-687","19:27"
"#23417-825","19:40"
"#20996-894","12:07"
"#07158-184","13:30"
"#36090-821","13:49"
"#73183-353","14:00"
"#20833-203","14:15"
"#58076-847","14:53"
"#75707-765","15:00"
"#13251-860","16:00"
"#85275-256","17:00"
"#44503-993","17:35"
"#43881-677","17:50"
"#49518-989","18:30"
"#37119-026","18:20"
"#21224-417","18:47"
"#93477-212","20:10"
"#62420-351","20:20"
"#85684-798","20:40"
"#21588-706","12:00"
"#75562-670","12:43"
"#89436-683","13:55"
"#52184-755","14:00"
"#32187-577","14:30"
"#10121-984","14:53"
"#17164-334","15:00"
"#85490-987","16:00"
"#53340-490","16:30"
"#01093-092","17:04"
"#00486-876","17:25"
"#29981-598","18:54"
"#70540-884","19:50"
"#75382-292","20:05"
"#42724-912","21:15"
"#07283-039","21:22"
"#13287-459","10:05"
"#48451-377","10:20"
"#04029-916","12:00"
"#73045-038","12:20"
"#92260-670","12:37"
"#30008-650","14:00"
"#55546-435","14:00"
"#30417-024","14:38"
"#78004-511","15:30"
"#21870-406","16:33"
"#97493-061","17:00"
"#59677-709","17:30"
"#89275-804","18:20"
"#46388-523","18:46"
"#82221-206","18:58"
"#48834-922","19:37"
"#48188-610","19:48"
"#33428-406","20:40"
"#05365-515","21:05"
"#10700-735","10:15"
"#59919-962","11:48"
"#83605-194","13:36"
"#59245-263","15:05"
"#53682-539","15:24"
"#92567-469","15:40"
"#35925-189","16:15"
"#97298-744","16:50"
"#23316-884","18:47"
"#55145-291","19:00"
"#09989-552","12:00"
"#17901-433","20:19"
"#73743-384","12:35"
"#67116-729","13:40"
"#12735-934","14:55"
"#76540-895","15:15"
"#57454-040","16:00"
"#32071-836","16:30"
"#92906-861","17:00"
"#79225-281","17:00"
"#03682-214","18:32"
"#37996-713","19:05"
"#97555-601","19:10"
"#85277-263","20:10"
"#57356-615","19:30"
"#53336-475","20:30"
"#56019-125","10:10"
"#72210-759","13:40"
"#83956-294","16:30"
"#14520-335","18:32"
"#51218-685","19:25"
"#22904-061","20:05"
"#42787-026","10:10"
"#70184-056","10:25"
"#10343-007","11:05"
"#26047-631","11:50"
"#00872-403","11:55"
"#09461-375","14:45"
"#17796-721","14:52"
"#17258-504","14:55"
"#77201-583","16:06"
"#04631-307","17:45"
"#38168-810","18:00"
"#87045-510","19:48"
"#22367-653","11:05"
"#22401-715","11:45"
"#26141-614","13:00"
"#03025-172","13:40"
"#54666-096","13:50"
"#94253-317","15:04"
"#55098-798","15:20"
"#97537-222","15:40"
"#13320-815","16:12"
"#63735-887","16:38"
"#33732-405","17:50"
"#73123-303","18:41"
"#26592-212","19:51"
"#87635-682","20:00"
"#91877-561","12:10"
"#69568-880","13:00"
"#10676-467","15:45"
"#30299-350","15:46"
"#63102-451","16:03"
"#27914-953","17:00"
"#09280-032","17:10"
"#98459-382","17:23"
"#98725-385","17:59"
"#75817-077","18:40"
"#68590-976","11:05"
"#51179-668","11:13"
"#44797-969","11:20"
"#83130-973","11:45"
"#62180-077","13:05"
"#77652-358","13:52"
"#27229-739","14:05"
"#07767-876","18:20"
"#41747-959","19:10"
"#26184-490","19:45"
"#52590-184","20:13"
"#71641-414","11:30"
"#35311-084","12:19"
"#95848-127","13:25"
"#62735-990","15:18"
"#47360-108","17:52"
"#72847-549","19:25"
"#45280-454","19:30"
"#53174-644","20:21"
"#68712-753","20:42"
"#25590-127","10:20"
"#53058-324","10:48"
"#15269-211","11:10"
"#94551-804","11:12"
"#14409-918","14:10"
"#37786-997","14:30"
"#48672-037","17:50"
"#62665-566","18:30"
"#98403-267","19:30"
"#20660-895","20:38"
"#45266-350","10:30"
"#90383-820","11:27"
"#06352-568","11:33"
"#80376-843","11:40"
"#93876-336","13:05"
"#30065-714","13:18"
"#68431-273","13:47"
"#55721-016","17:00"
"#74231-300","17:05"
"#71664-601","17:41"
"#45909-812","19:05"
"#13703-667","19:38"
"#65063-137","12:22"
"#79465-663","10:30"
"#29193-656","13:47"
"#54648-786","14:03"
"#39042-262","14:30"
"#58026-263","14:45"
"#58195-836","15:25"
"#96093-199","15:30"
"#31093-907","16:08"
"#81073-613","16:23"
"#65440-558","18:00"
"#97521-595","18:20"
"#99322-178","19:06"
"#47284-973","19:55"
"#25145-675","10:00"
"#80088-121","10:10"
"#99258-870","11:00"
"#36700-169","11:05"
"#55623-287","12:38"
"#30629-307","12:39"
"#71618-960","12:40"
"#54856-365","14:20"
"#67769-698","14:20"
"#51145-202","14:40"
"#73938-605","14:45"
"#05164-361","16:20"
"#47327-207","16:35"
"#25382-890","17:10"
"#49575-249","17:15"
"#27407-785","17:30"
"#25959-887","18:00"
"#84196-507","18:25"
"#82677-307","18:25"
"#06499-548","18:54"
"#19110-014","19:29"
"#65871-141","10:45"
"#29614-867","12:26"
"#94922-951","12:35"
"#09408-641","12:56"
"#22444-528","13:30"
"#69395-340","14:00"
"#48012-359","14:10"
"#57173-842","15:10"
"#12406-705","15:00"
"#55678-012","15:50"
"#24871-209","15:50"
"#95077-431","16:00"
"#82707-998","17:50"
"#74138-718","18:10"
"#47407-398","18:20"
"#81806-815","19:00"
"#00698-658","20:00"
"#91389-170","20:16"
"#42167-701","10:22"
"#34340-239","10:40"
"#82595-830","12:00"
"#62339-649","15:30"
"#80132-267","15:48"
"#85158-719","17:17"
"#43027-235","18:00"
"#61064-969","20:27"
"#49782-161","10:30"
"#65369-665","14:17"
"#97267-349","16:13"
"#64060-366","18:19"
"#54374-699","18:30"
"#52979-907","19:23"
"#16538-526","20:00"
"#04602-011","12:10"
"#20800-249","14:15"
"#18496-718","14:30"
"#59839-532","16:25"
"#59445-825","16:50"
"#34094-026","17:17"
"#40859-862","17:17"
"#86947-544","18:40"
"#78699-922","20:32"
"#61852-578","10:25"
"#75957-348","11:05"
"#73685-936","14:30"
"#75593-155","15:50"
"#74996-749","18:45"
"#52427-713","19:40"
"#61800-195","20:10"
"#53160-881","21:00"
"#67741-100","21:15"
"#71547-570","10:30"
"#01272-990","11:45"
"#07371-994","11:50"
"#81309-690","13:45"
"#03710-765","15:08"
"#25764-630","15:30"
"#00764-889","15:30"
"#56452-275","15:30"
"#23113-968","16:00"
"#93922-459","17:25"
"#67472-801","17:45"
"#62554-094","20:34"
"#00184-754","20:52"
"#71179-217","12:09"
"#53533-478","13:35"
"#79770-418","13:35"
"#33766-568","14:40"
"#48969-943","15:50"
"#59670-252","15:15"
"#52446-722","16:00"
"#03832-650","16:30"
"#67678-186","16:40"
"#77678-043","17:38"
"#96289-586","18:08"
"#09658-459","18:10"
"#80100-243","18:16"
"#00421-514","18:36"
"#46900-485","19:39"
"#03479-491","20:06"
"#39812-066","21:00"
"#86575-065","11:54"
"#05167-141","12:05"
"#08975-389","12:33"
"#07053-655","12:45"
"#42405-916","13:10"
"#18029-381","14:00"
"#51051-553","14:00"
"#00887-449","14:33"
"#52580-350","15:07"
"#96978-177","15:07"
"#16730-866","16:15"
"#65610-981","16:16"
"#83956-886","16:23"
"#62454-037","17:30"
"#06470-815","19:05"
"#95456-202","18:05"
"#38517-787","18:10"
"#54686-973","19:40"
"#38170-067","10:00"
"#68127-701","10:30"
"#30730-715","11:05"
"#88211-708","11:35"
"#06596-465","13:05"
"#40512-806","13:30"
"#12881-852","14:25"
"#69565-503","15:08"
"#17195-294","15:49"
"#18746-253","15:34"
"#52827-837","18:12"
"#49587-606","19:18"
"#58132-790","20:15"
"#08998-429","10:10"
"#00278-240","11:45"
"#80021-097","12:12"
"#64798-620","13:00"
"#51334-437","14:00"
"#89031-030","14:28"
"#84177-258","14:46"
"#08954-116","15:02"
"#69065-146","15:15"
"#26591-087","17:33"
"#41304-979","19:55"
"#72689-491","19:55"
"#02222-364","20:45"
"#40011-775","10:00"
"#02776-490","11:06"
"#32886-663","15:26"
"#07862-384","17:06"
"#32903-564","17:42"
"#44866-064","19:28"
"#32732-805","19:29"
"#87106-952","20:07"
"#77292-627","10:15"
"#43993-276","10:30"
"#67579-359","11:33"
"#56350-828","11:50"
"#04171-281","12:20"
"#92443-828","13:39"
"#02399-716","13:50"
"#03376-601","14:27"
"#89272-101","16:09"
"#89533-416","16:27"
"#64930-008","16:52"
"#88106-197","17:25"
"#57382-147","17:30"
"#32604-129","19:10"
"#41348-264","19:10"
"#10991-085","19:25"
"#98513-360","19:35"
"#71760-403","20:12"
"#79943-886","10:12"
"#35710-155","11:13"
"#54384-487","11:47"
"#63433-186","14:58"
"#63306-277","15:05"
"#93539-943","15:25"
"#56353-692","16:55"
"#84069-774","17:04"
"#91555-456","17:04"
"#75939-064","18:25"
"#54232-099","19:05"
"#49988-789","19:30"
"#69966-352","19:45"
"#55745-083","10:15"
"#88808-961","10:50"
"#11821-971","12:00"
"#42696-983","13:10"
"#09668-795","13:20"
"#77045-214","14:25"
"#96058-041","14:31"
"#18255-266","14:47"
"#58887-351","15:40"
"#08060-261","16:00"
"#32873-455","16:30"
"#84537-947","17:06"
"#59207-541","17:48"
"#77319-088","18:10"
"#69355-294","19:03"
"#45953-950","18:30"
"#47274-211","19:33"
"#10328-927","19:33"
"#36136-857","20:20"
"#87155-363","12:20"
"#81602-469","12:40"
"#97405-096","14:40"
"#09819-514","14:49"
"#37385-408","15:15"
"#72377-840","15:54"
"#90110-981","16:13"
"#14086-601","18:00"
"#39323-876","18:00"
"#92693-934","19:50"
"#35507-058","21:00"
"#98543-747","21:00"
"#16007-781","10:15"
"#19172-921","11:30"
"#95768-597","12:33"
"#78769-622","14:18"
"#92654-978","15:38"
"#75621-622","16:00"
"#01162-108","14:43"
"#10033-499","17:02"
"#47689-555","17:06"
"#68250-147","18:00"
"#83927-648","18:30"
"#63347-581","19:40"
"#31801-507","13:30"
"#36440-259","10:30"
"#48824-544","15:05"
"#48858-615","16:05"
"#37400-777","20:00"
"#11990-404","20:32"
"#86825-591","21:00"
"#02861-092","10:07"
"#19888-522","10:15"
"#30979-291","10:20"
"#13338-811","11:15"
"#69925-837","11:30"
"#14192-337","13:30"
"#25254-846","13:15"
"#11948-130","13:35"
"#98849-146","14:44"
"#13761-197","15:40"
"#60656-384","16:21"
"#42678-253","18:20"
"#79790-924","19:04"
"#87720-810","19:05"
"#69523-327","19:36"
"#48980-271","20:00"
"#73493-045","20:00"
"#76944-530","20:30"
"#00697-950","10:41"
"#27955-783","11:21"
"#79999-848","11:31"
"#78882-256","11:58"
"#77483-753","13:53"
"#28964-554","14:00"
"#87554-754","14:50"
"#50943-651","15:18"
"#55732-052","17:00"
"#08626-392","17:12"
"#61217-971","19:16"
"#44872-708","20:10"
"#32132-972","20:57"
"#91025-228","10:20"
"#39311-153","12:35"
"#95821-162","13:55"
"#02930-637","14:25"
"#97323-963","14:28"
"#87711-070","16:20"
"#54831-781","17:05"
"#57673-432","17:10"
"#16684-850","17:15"
"#35991-049","17:41"
"#88413-268","17:57"
"#63131-290","19:41"
"#64669-585","20:15"
"#22748-411","20:30"
"#96845-869","10:15"
"#75105-441","11:30"
"#03516-895","12:00"
"#98709-990","15:05"
"#26613-097","15:10"
"#45809-324","15:31"
"#68940-459","16:40"
"#16437-925","16:45"
"#05696-709","17:44"
"#35744-352","18:00"
"#41182-144","19:04"
"#27995-740","19:10"
"#51924-280","20:03"
"#53802-900","20:40"
"#19746-430","20:54"
"#77064-140","10:33"
"#72276-365","12:00"
"#45485-392","13:16"
"#97287-116","13:38"
"#99660-414","13:54"
"#90617-010","14:21"
"#44352-037","14:53"
"#94668-159","15:12"
"#40390-148","16:00"
"#31057-253","17:00"
"#87543-069","16:25"
"#77918-997","17:55"
"#25697-588","18:55"
"#11344-027","19:10"
"#42536-244","19:35"
"#16081-775","20:15"
"#53851-687","10:35"
"#76497-886","14:20"
"#99226-517","16:00"
"#54101-267","17:15"
"#94986-667","18:35"
"#20401-011","18:55"
"#45288-625","19:00"
"#89952-683","19:30"
"#22981-027","20:00"
"#74016-288","10:11"
"#73944-069","10:11"
"#17300-766","10:37"
"#83308-035","11:24"
"#29115-608","11:45"
"#91588-406","13:41"
"#64200-884","15:00"
"#00884-737","15:12"
"#49211-835","15:44"
"#95270-422","17:44"
"#95294-658","18:05"
"#85506-763","18:54"
"#12539-563","10:30"
"#51246-017","11:05"
"#43702-998","11:10"
"#35906-039","11:20"
"#81494-052","11:35"
"#03872-541","11:00"
"#01295-656","14:01"
"#47870-622","14:58"
"#38494-863","16:00"
"#62641-275","16:10"
"#15381-907","19:22"
"#30324-175","19:50"
"#97527-455","20:00"
"#69327-021","20:00"
"#34554-855","10:40"
"#94425-303","12:20"
"#00350-181","13:16"
"#36816-566","13:20"
"#44521-158","15:40"
"#90704-406","16:00"
"#69971-875","19:05"
"#91539-419","20:38"
"#67977-629","10:50"
"#29254-174","12:40"
"#03660-635","12:51"
"#66923-112","14:49"
"#28586-761","13:27"
"#87574-007","15:30"
"#93664-339","16:13"
"#32792-749","16:22"
"#46269-091","16:30"
"#36498-224","17:23"
"#40972-634","17:24"
"#78562-351","18:51"
"#79576-143","19:30"
"#50482-079","20:00"
"#68305-962","14:22"
"#81605-332","20:48"
"#61184-506","10:35"
"#03727-651","12:35"
"#85019-820","13:20"
"#45947-172","13:47"
"#01913-563","14:02"
"#90728-621","14:20"
"#46989-840","14:55"
"#68567-436","15:10"
"#27097-757","15:30"
"#27874-898","16:50"
"#14987-866","18:00"
"#45535-516","18:00"
"70846-193","19:00"
"#47764-561","19:30"
"#78124-157","21:00"
"#70666-377","10:10"
"#78198-388","10:20"
"#98047-054","11:54"
"#98047-054-2","11:58"
"#55091-575","13:00"
"#93506-810","13:05"
"#64195-841","14:25"
"#12900-925","14:31"
"#38432-578","15:30"
"#49269-021","15:30"
"#49469-928","16:20"
"#23809-450","16:42"
"#20488-239","16:12"
"#93003-293","17:30"
"#83354-797","17:30"
"#53841-233","17:45"
"#79345-988","18:10"
"#42601-927","18:55"
"#86207-341","20:00"
"#30206-448","20:00"
"#87171-408","20:00"
"#17217-247","20:00"
"#93544-844","19:45"
"#60856-441","11:20"
"#54098-382","15:20"
"#14588-475","16:10"
"#67107-365","16:30"
"#49009-009","16:30"
"#16327-568","18:15"
"#17461-912","19:40"
"#93274-809","19:50"
"#06016-728","20:05"
"#92183-159","10:17"
"#15302-297","12:00"
"#27291-463","12:08"
"#66611-363","14:30"
"#44972-414","15:13"
"#53412-734","17:45"
"#49481-391","18:21"
"#61527-045","18:33"
"#39309-238","18:50"
"#13145-280","19:25"
"#88802-458","10:55"
"#55258-363","11:35"
"#01066-900","13:30"
"#53611-029","13:40"
"#20217-438","14:40"
"#58915-787","15:31"
"#99308-210","16:10"
"#86472-227","18:15"
"#66826-547","19:35"
"#26189-363","20:00"
"#43573-456","11:40"
"#37305-677","13:03"
"#61431-592","15:35"
"#05648-309","15:57"
"#71678-888","18:25"
"#11221-465","19:54"
"#38639-774","10:40"
"#65652-134","10:35"
"#09913-386","14:35"
"#05838-903","15:17"
"#62467-594","15:45"
"#88802-453","16:57"
"#03700-287","17:03"
"#17325-990","18:28"
"#17668-813","19:08"
"#12746-368","19:36"
"#65380-541","20:40"
"#84940-290","10:35"
"#30713-978","16:00"
"#87887-048","14:05"
"#52160-227","14:10"
"#54625-082","14:15"
"#45679-814","16:30"
"#91059-507","17:05"
"#95661-994","18:00"
"#47561-743","17:40"
"#70277-588","18:20"
"#11073-107","19:10"
"#23531-498","19:15"
"#89112-357","20:00"
"#86689-089","21:00"
"#41378-985","19:40"
"#32711-648","10:07"
"#64714-355","10:30"
"#28376-940","10:30"
"#90495-589","11:30"
"#96084-975","14:04"
"#24580-312","14:10"
"#47984-417","15:00"
"#95298-685","15:20"
"#65124-016","16:00"
"#45700-264","17:00"
"#17625-689","19:00"
"#19015-626","16:30"
"#67997-524","17:30"
"#11177-378","20:19"
"#59045-801","20:39"
"#65667-668","17:00"
